Title,URLs
"BlurSea Token Airdrop, Don't miss it!",https://youtube.com/watch?v=WbJ07xxHA7Y
How to make USB Bootable | Tech Wizard,https://youtube.com/watch?v=2OymmeaeqDg
How to download Windows 10 ISO File | Tech Wizard,https://youtube.com/watch?v=tAuaEcup-qg
Text to Speech using Python | Tech Wizard,https://youtube.com/watch?v=qlZaNYyYbd8
How to install kali linux in vmware | kali linux | vmware | #techwizard,https://youtube.com/watch?v=TTEOP7hLsK8
Sakura is dancing at 3 different places. #sakuraschoolsimulator #sakura #gaming #jakii,https://youtube.com/watch?v=m68umQ7ZYi0
Sakura is dancing at 3 different places. #sakuraschoolsimulator #sakura #gaming #jakii #sss,https://youtube.com/watch?v=hcmeTkP81gI
Sakura is dancing at 3 different places. #sakuraschoolsimulator #sakura #gaming #jakii,https://youtube.com/watch?v=tu2uBTqnQzc
Sakura is dancing at 3 different places. #sakuraschoolsimulator #sakura #gaming,https://youtube.com/watch?v=GyaVE56F4-U
Sakura is dancing at 3 different places. #sakuraschoolsimulator #sakura #gaming,https://youtube.com/watch?v=xbdbRaMcbNM
Sakura is dancing at 3 different places. #sakuraschoolsimulator #sakura #gaming,https://youtube.com/watch?v=LwdzuqBnYQk
Sakura is dancing at 3 different places. #sakuraschoolsimulator #sakura #gaming,https://youtube.com/watch?v=g3IW-aWZUXg
Sakura is dancing at 3 different places. #sakuraschoolsimulator #sakura #gaming,https://youtube.com/watch?v=3I7AkQ_a9tU
"January 20, 2025",https://youtube.com/watch?v=7_7EZWn_fdA
"January 14, 2025",https://youtube.com/watch?v=Lweuph0Hz-g
"January 13, 2025",https://youtube.com/watch?v=P6Vq461rXA8
"January 13, 2025",https://youtube.com/watch?v=KC5bTgzPtRY
"January 11, 2025",https://youtube.com/watch?v=z5jTdn_PI6Q
"January 9, 2025",https://youtube.com/watch?v=8NJa_OZA7MU
"January 5, 2025",https://youtube.com/watch?v=_mRxfOloINo
"December 28, 2024",https://youtube.com/watch?v=EbEweLHkpqk
"December 28, 2024",https://youtube.com/watch?v=EBcCeXbhm9c
"December 28, 2024",https://youtube.com/watch?v=S9-c6nLrI98
"December 28, 2024",https://youtube.com/watch?v=JJ5WbEAmuJk
"December 28, 2024",https://youtube.com/watch?v=k-1eqD0-mWA
"December 28, 2024",https://youtube.com/watch?v=nR-FWqQE23I
"December 25, 2024",https://youtube.com/watch?v=MP8mrZDQw1Q
"December 25, 2024",https://youtube.com/watch?v=MhaSja91lZM
"December 25, 2024",https://youtube.com/watch?v=k14YVS7lxlc
"December 25, 2024",https://youtube.com/watch?v=85QUZertCb8
"December 25, 2024",https://youtube.com/watch?v=AHG6ZH4ZwK8
"December 22, 2024",https://youtube.com/watch?v=2oOVLZANkO8
"December 19, 2024",https://youtube.com/watch?v=Ox0j9CxyQWk
"December 19, 2024",https://youtube.com/watch?v=sj2HWnCckxc
"December 19, 2024",https://youtube.com/watch?v=ZjBljB8v80g
"December 20, 2024",https://youtube.com/watch?v=6h5a5zaJvmw
"December 19, 2024",https://youtube.com/watch?v=qsMcrxDn2oo
DC jsbsb,https://youtube.com/watch?v=m-3Y6GaPJ9A
vss hn,https://youtube.com/watch?v=83eIGPyq_hg
vshsba,https://youtube.com/watch?v=eMnNuzTIHyg
vsjkmn.  nushna,https://youtube.com/watch?v=3a7XKjpnVLc
csysnw,https://youtube.com/watch?v=uNf0MOegAYU
vanwn,https://youtube.com/watch?v=fdMC0ssx68s
cshsj,https://youtube.com/watch?v=PDxDlGLjPZA
"December 16, 2024",https://youtube.com/watch?v=y1KYxz9cMo8
"December 18, 2024",https://youtube.com/watch?v=Rw6vqh5FzOM
"December 18, 2024",https://youtube.com/watch?v=49lYdpMgPeA
"December 18, 2024",https://youtube.com/watch?v=ZklfBrdWqlY
"December 16, 2024",https://youtube.com/watch?v=Ubu6YvJ7pJA
"December 16, 2024",https://youtube.com/watch?v=AYBo72k-4W8
"December 16, 2024",https://youtube.com/watch?v=QQoGo606wco
"December 16, 2024",https://youtube.com/watch?v=2VNOFgVj9uU
"December 14, 2024",https://youtube.com/watch?v=2rxAxX4k8Co
"December 14, 2024",https://youtube.com/watch?v=q1rzoEJD5Lk
"December 15, 2024",https://youtube.com/watch?v=o2q9dKjcbYw
"December 12, 2024",https://youtube.com/watch?v=BBUn9HwFHBE
"December 11, 2024",https://youtube.com/watch?v=qsR5COkVAh4
"December 11, 2024",https://youtube.com/watch?v=YOMToNz1rCY
"December 10, 2024",https://youtube.com/watch?v=hWVOmhYcgTk
"December 10, 2024",https://youtube.com/watch?v=LUOgIdkcfjc
"December 9, 2024",https://youtube.com/watch?v=mdV6GTmUTt0
"December 8, 2024",https://youtube.com/watch?v=7ZAODmrNy3Q
"December 9, 2024",https://youtube.com/watch?v=L8tidXWaJYE
"December 8, 2024",https://youtube.com/watch?v=fiE0sA9Ro3Q
"December 8, 2024",https://youtube.com/watch?v=T9ltiiaD_v8
"December 6, 2024",https://youtube.com/watch?v=pU7omGFRBDY
"December 7, 2024",https://youtube.com/watch?v=_1oPvW8rut8
"December 6, 2024",https://youtube.com/watch?v=tYMRVCKPpl4
"December 6, 2024",https://youtube.com/watch?v=SeswGNT8DRA
"December 6, 2024",https://youtube.com/watch?v=ISvU0ZrSuPQ
"December 2, 2024",https://youtube.com/watch?v=FcWch2YMs5w
"December 2, 2024",https://youtube.com/watch?v=ACbtdMjR7T0
"December 2, 2024",https://youtube.com/watch?v=LiLcAJTNexk
"December 2, 2024",https://youtube.com/watch?v=J-PweUbyrfU
"December 2, 2024",https://youtube.com/watch?v=L_IAk7G71VE
"December 1, 2024",https://youtube.com/watch?v=lt00ww9tluw
"December 1, 2024",https://youtube.com/watch?v=g27Qn6k3hbU
"December 1, 2024",https://youtube.com/watch?v=Klcx2i0pqK0
"December 1, 2024",https://youtube.com/watch?v=Lus2kkFQT4U
"December 1, 2024",https://youtube.com/watch?v=-7OY6t0ca5s
"December 1, 2024",https://youtube.com/watch?v=TNQr6t9h6dc
"November 30, 2024",https://youtube.com/watch?v=h5EWpZIwtqw
"November 30, 2024",https://youtube.com/watch?v=yh_G5GVMn6g
"November 30, 2024",https://youtube.com/watch?v=XUgVsqOmo1w
"November 30, 2024",https://youtube.com/watch?v=YqpXgdrwus0
"November 30, 2024",https://youtube.com/watch?v=3ihrxjrWDCo
"November 30, 2024",https://youtube.com/watch?v=WzhCOG1_RCU
"November 29, 2024",https://youtube.com/watch?v=Qp-YTudtX10
"November 30, 2024",https://youtube.com/watch?v=misf8Pqv4pk
"November 29, 2024",https://youtube.com/watch?v=luEDj7aoLpk
"November 28, 2024",https://youtube.com/watch?v=3-xtzGyAr8I
"November 28, 2024",https://youtube.com/watch?v=f_BqIpdUhiY
"November 28, 2024",https://youtube.com/watch?v=PkYvuy7ZINg
"November 28, 2024",https://youtube.com/watch?v=OjN_CoDoPc4
"November 28, 2024",https://youtube.com/watch?v=gWab8_WDWfk
"November 27, 2024",https://youtube.com/watch?v=BjwciYIkTJk
"November 27, 2024",https://youtube.com/watch?v=-SxtxNR2WE8
"November 27, 2024",https://youtube.com/watch?v=zPlKpnT0rh0
"November 26, 2024",https://youtube.com/watch?v=xDULepMpruQ
"November 26, 2024",https://youtube.com/watch?v=R8SBgIkEXRE
"November 26, 2024",https://youtube.com/watch?v=13QKipOKJ0g
"November 25, 2024",https://youtube.com/watch?v=3JacvaJjU74
"November 24, 2024",https://youtube.com/watch?v=q6DDj1QS6cA
"November 24, 2024",https://youtube.com/watch?v=Rx9Ov5TaaoU
"November 24, 2024",https://youtube.com/watch?v=IZz0XSYDfms
"November 24, 2024",https://youtube.com/watch?v=Y3iDr8-QPH4
"November 24, 2024",https://youtube.com/watch?v=6UtPl34iibI
"November 23, 2024",https://youtube.com/watch?v=2A39PseBS7I
"November 23, 2024",https://youtube.com/watch?v=RpPlr5WC82A
"November 24, 2024",https://youtube.com/watch?v=gsU1d-JFyCQ
"November 23, 2024",https://youtube.com/watch?v=ght1Oj_rWeo
"November 24, 2024",https://youtube.com/watch?v=DDEwSuI4ozA
"November 23, 2024",https://youtube.com/watch?v=NteTCJEV_cI
"November 23, 2024",https://youtube.com/watch?v=t0nDA9x8CxQ
"November 22, 2024",https://youtube.com/watch?v=rs_W4s0LXyQ
"November 22, 2024",https://youtube.com/watch?v=TTL1ViW2dbo
"November 22, 2024",https://youtube.com/watch?v=xVkqDsi0Ymg
"November 22, 2024",https://youtube.com/watch?v=iWmUiZisTXc
"November 21, 2024",https://youtube.com/watch?v=prBIMLYpGLA
"November 21, 2024",https://youtube.com/watch?v=7fsYvYy1cMQ
"November 22, 2024",https://youtube.com/watch?v=KtyuMDnrJnw
"November 21, 2024",https://youtube.com/watch?v=ldWifJlm3ec
"November 21, 2024",https://youtube.com/watch?v=JZCyTU6QxYs
"November 21, 2024",https://youtube.com/watch?v=Lkbn28Mx5J8
"November 20, 2024",https://youtube.com/watch?v=9Yi5U3gX0is
"November 21, 2024",https://youtube.com/watch?v=kig9iswDfAQ
"November 20, 2024",https://youtube.com/watch?v=rvrXsnHQMMQ
"November 20, 2024",https://youtube.com/watch?v=KRcy0KkWBQA
"November 20, 2024",https://youtube.com/watch?v=Tc83zEMB-ao
"November 20, 2024",https://youtube.com/watch?v=W_hK6nNzmng
"November 20, 2024",https://youtube.com/watch?v=JouU3I_ERfI
Sakura is dancing. #sakuraschoolsimulator #sakura #gaming #cartoon,https://youtube.com/watch?v=c7yol2fGbW0
SAKURA is dancing at 3 different places. #sakuraschoolsimulator #sakura #gaming,https://youtube.com/watch?v=Fq7665uwR8g
Sakura is dancing at 3 different places. #sakuraschoolsimulator #sakura #gaming #cartoon,https://youtube.com/watch?v=lfeSdrE5eCw
SAKURA mummy ü§£.#sakuraschoolsimulator #sakura #gaming #cartoon,https://youtube.com/watch?v=vQrXpYSfSrM
Sakura is dancing at presentation.#saku#sakura #gaming #cartoon,https://youtube.com/watch?v=VNfP-LNl_6M
SAKURA mummy ü§£ . #sakuraschoolsimulator #sakura #gaming,https://youtube.com/watch?v=u-lBV24DtXo
Sakura is dancing at presentation. #sakuraschoolsimulator #sakura #gaming,https://youtube.com/watch?v=ljIlfQiqGwg
Sakura is in campervan. #sakuraschoolsimulator #sakura #gaming,https://youtube.com/watch?v=t4f0sr1ioMI
Love story at Sakura school simulator. #sakuraschoolsimulator #sakurasakura #gaming #love #lovestory,https://youtube.com/watch?v=7PfAdVV2dYg
Sakura is going to school. #sakura #sakura #gaming #cartoon,https://youtube.com/watch?v=fcGGyDhUM7w
Sakura is dancing at 3 different places. #sakura #sakura #gsming #cartoon,https://youtube.com/watch?v=NepaFY0XsB8
Sakura is dancing at 3 different places. #sakuraschoolsimulator #sakura #gaming #cartoon,https://youtube.com/watch?v=Cy4S_QDwofg
Sakura is dancing at many places. #sakuraschoolsimulator #sakura #gaming #account #cartoon #love,https://youtube.com/watch?v=yp2w3arYO44
Sakura is dancing at presentation. #sakuraschoolsimulator #sakura #gaming #cartoon,https://youtube.com/watch?v=qLdCBTNPE3s
Sakura is dancing at presentation. #sakuraschoolsimulator #sakura #gaming #cartoon,https://youtube.com/watch?v=h0BhHLuTKPA
Sakura has picked his girlfriend & danced each other.#sakuraschoolsimulator #sakura #dancing #gaming,https://youtube.com/watch?v=XGuQTyx1e38
Sakura is dancing at 3 different places. #sakuraschoolsimulator #sakura #gaming,https://youtube.com/watch?v=Pmgqf3da2cw
Sakura is hugging with his girlfriend.#sakuraschoolsimulator #sakura #gaming #cartoon,https://youtube.com/watch?v=sgNfGb6kKok
how Sakura change his dress. #sakuraschoolsimulator #sakura #gaming #cartoon,https://youtube.com/watch?v=29TYYtviYVw
SAKURA is changing his dress. #sakuraschoolsimulator #sakura #gaming #cartoon,https://youtube.com/watch?v=O_aiL5XTGSk
SAKURA is dancing at 3 different places. #sakuraschoolsimulator #sakura #gaming #cartoon,https://youtube.com/watch?v=Q5avjOhR4ug
SAKURA is changing his dress. #sakuraschoolsimulator #sakura #gaming #cartoon,https://youtube.com/watch?v=94OJhzcRRuk
SAKURA is dancing at 3 different places. #sakuraschoolsimulator #sakura #gaming #cartoon,https://youtube.com/watch?v=yvJaZftqHHU
SAKURA is dancing at 3 different places. #sakuraschoolsimulator #sakura #gaming #cartoon,https://youtube.com/watch?v=GIZ2yPUmi5Q
SAKURA is hugging with his girlfriend. #sakuraschoolsimulator #sakura #gaming,https://youtube.com/watch?v=aYn9TjF46tU
SAKURA is changing his dress. #sakuraschoolsimulator #sakura #gaming #cartoon,https://youtube.com/watch?v=90h-MwIWgnI
SAKURA is hugging with his girlfriend. #sakuraschoolsimulator #sakura #gaming #cartoon,https://youtube.com/watch?v=i9TNfuzxUYY
SAKURA is changing his dress #sakuraschoolsimulator #sakura #gaming,https://youtube.com/watch?v=yoFOVcKbP4E
SAKURA is changing his dress. #sakuraschoolsimulator #sakura #gaming #cartoon,https://youtube.com/watch?v=kR_ik2ETMFQ
SAKURA is changing dress. #sakuraschoolsimulator #sakura #gaming #cartoon #love #funny #videogames,https://youtube.com/watch?v=QD48dFfJcHc
SAKURA is dancing at 3 different places. #sakura #sakuraschoolsimulator #gaming #shorts #love #funny,https://youtube.com/watch?v=cSAf677tfDE
SAKURA is dancing at 3 different places. #sakuraschoolsimulator #sakura #gaming #cartoon,https://youtube.com/watch?v=EOg6w0mw_SM
SAKURA IS HUGGING WITH HIS GIRLFRIEND. #sakuraschoolsimulator #sakura #gaming #cartoon,https://youtube.com/watch?v=-ZNuoS5ac-M
sakura is hugging with his girlfriend.,https://youtube.com/watch?v=f9dYxMmN4os
SAKURA is changing his dress. #sakuraschoolsimulator #sakura #gaming #cartoon,https://youtube.com/watch?v=1A3V372O32g
SAKURA is hugging with his girlfriend. #sakuraschoolsimulator #sakura #gaming #cartoon,https://youtube.com/watch?v=wyKGQYA4bUU
SAKURA is dancing at 3 different places. #sakuraschoolsimulator #sakura #gaming #cartoon,https://youtube.com/watch?v=gEQIBw3scyw
SAKURA is hugging with his girlfriend. #sakuraschoolsimulator #sakura #gaming #cartoon,https://youtube.com/watch?v=v1kIMf8WYa4
how SAKURA change his dress. #sakuraschoolsimulator #sakura #gaming #cartoon,https://youtube.com/watch?v=z_6TYffBahg
SAKURA gets car collection on his house. #sakuraschoolsimulator #sakura #gaming #cartoon,https://youtube.com/watch?v=ySuvRjoM6NE
SAKURA gaming story creation. how to create story on Sakura game. #sakuraschoolsimulator #sakura,https://youtube.com/watch?v=cqabOGp4cYo
SAKURA school simulator #sakuraschoolsimulator #sakura #gaming #cartoon,https://youtube.com/watch?v=sXZlUQ6aqk4
SAKURA love ‚ù§Ô∏è story. Love at first sight. #sakuraschoolsimulator #sakura #gaming #love,https://youtube.com/watch?v=jV8g7_LuB5I
